{"nb_remaining_items": 205.0, "remaining_items": [["Produits gras sucr\u00e9s sal\u00e9s", 0.35749502638180086], ["Mati\u00e8res grasses ajout\u00e9es", 0.03982354467606609], ["Produits laitiers", 0.3317706080788859], ["F\u00e9culents", 0.26174206383530835], ["Fruits et l\u00e9gumes", 0.00916875702793876]], "pct_weight_remaining_items": 0.6, "nb_balanced_meals": 5, "pct_weight_allocated_items": 0.4, "allocated_items": [["Produits gras sucr\u00e9s sal\u00e9s", 0.2], ["Mati\u00e8res grasses ajout\u00e9es", 0.3], ["Produits laitiers", 0.1], ["F\u00e9culents", 0.2], ["Fruits et l\u00e9gumes", 0.2]]}